Workbook

Sheet Dashboard
F2: ANALIZA EFEKTYWNOŚCI POLICJI I BEZPIECZEŃSTWA DROGOWEGO Raport roczny za okres: 07.12.2024 – 08.12.2025
B3: Liczba wszystkich interwencji w ciągu roku
B5: =WykresyKPI!C49 -> 5744661
B9: Skuteczność prewencji
B11: =WykresyKPI!H34 -> 4.0655738
B13: Zatrzymani nietrzeźwi na 1 wypadek
B15: Dni bez ofiar śmiertelnych (%)
B17: =WykresyKPI!B36 -> 0.019073569
K18: Podsumowanie wyników
B21: Ranni na wypadek
K22: Analiza struktury zatrzymań ujawnia dominację interwencji nagłych („na gorącym uczynku”), które stanowią ok. 60% działań, co wymusza utrzymywanie wysokiej mobilności patroli. Choć nietrzeźwi kierujący to zaledwie 1,50% ogółu wszystkich interwencji, generują oni kluczowe zagrożenie w dni wolne od pracy. Obserwowany rozdźwięk między piątkowym szczytem wypadkowym a weekendowym wzrostem nietrzeźwości sugeruje konieczność wdrożenia elastycznego grafiku służb, koncentrującego siły na płynności ruchu w piątki oraz na blokadach trzeźwości w soboty i niedziele. | P22: W którym dniu tygodnia dochodzi do największej liczby wypadków? W piątek (średni indeks 65), co wiąże się ze szczytem wyjazdowym. Kiedy zagrożenie ze strony nietrzeźwych kierowców jest najwyższe? W weekendy (średnio 293 osoby dziennie) – to wzrost o 18% względem dni roboczych. Jak wygląda zależność między obciążeniem policji a skutecznością? Występuje korelacja ujemna – w dniach o największej liczbie interwencji skuteczność zatrzymań spada. Czy weekendy są bardziej niebezpieczne niż dni robocze? Tylko pod kątem alkoholu. Pod względem ogólnej liczby wypadków weekendy są bezpieczniejsze niż dni robocze (np. niedziela ma najmniej zdarzeń). Jak często zdarzają się dni bez ofiar śmiertelnych? Marginalnie rzadko – zaledwie 2% dni w roku kończy się bez żadnego zgonu na drodze. Jaka jest skala prewencji? Wysoka – na każdy 1 zaistniały wypadek policja eliminuje z ruchu 4 nietrzeźwych kierowców.
B23: =WykresyKPI!B39 -> 1.1578597
B27: Nietrzeźwi: jaki to % interwencji
B29: =WykresyKPI!G23 -> 0.014952566
B33: Liczba wszystkich osób rannych w wypadkach
B35: ='Statystyka opisowa'!I5 -> 24366

Sheet WykresyKPI
A3: Miesiąc | B3: Suma z Interwencje | C3: Suma z Zatrzymani na gorącym uczynku | D3: Suma z Zatrzymani poszukiwani | E3: Suma z Kierujący po spożyciu alkoholu | F3: Suma z Wypadki drogowe | G3: Suma z Zabici w wypadkach | H3: Suma z Ranni w wypadkach | J3: Etykiety wierszy | K3: Suma z Zabici w wypadkach | L3: Suma z Ranni w wypadkach
A4: styczeń | B4: 432677 | C4: 15755 | D4: 12316 | E4: 6430 | F4: 1266 | G4: 90 | H4: 1447 | J4: styczeń | K4: 90 | L4: 1447
A5: luty | B5: 399441 | C5: 14794 | D5: 11387 | E5: 5972 | F5: 1064 | G5: 93 | H5: 1245 | J5: luty | K5: 93 | L5: 1245
A6: marzec | B6: 477170 | C6: 17822 | D6: 11750 | E6: 8075 | F6: 1433 | G6: 106 | H6: 1673 | J6: marzec | K6: 106 | L6: 1673
A7: kwiecień | B7: 487892 | C7: 17459 | D7: 11327 | E7: 8414 | F7: 1814 | G7: 88 | H7: 2111 | J7: kwiecień | K7: 88 | L7: 2111
A8: maj | B8: 486324 | C8: 17015 | D8: 10862 | E8: 8133 | F8: 1833 | G8: 131 | H8: 2073 | J8: maj | K8: 131 | L8: 2073
A9: czerwiec | B9: 502049 | C9: 17003 | D9: 10932 | E9: 9118 | F9: 2138 | G9: 122 | H9: 2491 | J9: czerwiec | K9: 122 | L9: 2491
A10: lipiec | B10: 522628 | C10: 18436 | D10: 11968 | E10: 9624 | F10: 2130 | G10: 138 | H10: 2529 | J10: lipiec | K10: 138 | L10: 2529
A11: sierpień | B11: 513534 | C11: 17386 | D11: 9512 | E11: 9551 | F11: 2213 | G11: 162 | H11: 2582 | J11: sierpień | K11: 162 | L11: 2582
A12: wrzesień | B12: 478117 | C12: 17001 | D12: 10583 | E12: 8607 | F12: 2076 | G12: 135 | H12: 2335 | J12: wrzesień | K12: 135 | L12: 2335
A13: październik | B13: 492815 | C13: 17594 | D13: 11751 | E13: 8287 | F13: 1893 | G13: 124 | H13: 2155 | J13: październik | K13: 124 | L13: 2155
A14: listopad | B14: 465759 | C14: 15210 | D14: 10421 | E14: 7066 | F14: 1520 | G14: 106 | H14: 1830 | J14: listopad | K14: 106 | L14: 1830
A15: grudzień | B15: 486255 | C15: 15606 | D15: 11366 | E15: 6929 | F15: 1664 | G15: 142 | H15: 1895 | J15: grudzień | K15: 142 | L15: 1895
A16: Suma końcowa | B16: 5744661 | C16: 201081 | D16: 134175 | E16: 96206 | F16: 21044 | G16: 1437 | H16: 24366 | J16: Suma końcowa | K16: 1437 | L16: 24366
D19: Dzień tygodnia | E19: Średnia z Wypadki drogowe | G19: Poszukiwani na 1k interwencji
D20: niedziela | E20: 46.943396 | G20: =( DanePolicja!J2:J368/DanePolicja!H2:H368)*1000 -> 22.670685
D21: sobota | E21: 54.735849
D22: wtorek | E22: 55.403846 | G22: Nietrzeźwi % interwencji
D23: środa | E23: 58.288462 | G23: =DanePolicja!K2:K368/DanePolicja!H2:H368 -> 0.014952566
D24: poniedziałek | E24: 59.962264
D25: czwartek | E25: 61.365385
D26: piątek | E26: 64.884615
D27: Suma końcowa | E27: 57.340599
D29: Czy weekend? | E29: Średnia z Kierujący po spożyciu alkoholu | F29: Średnia z Wypadki drogowe | H29: % Zabitych wśród ofiar
D30: NIE | E30: 249.44061 | F30: 59.980843 | H30: =IFERROR(DanePolicja!M:M / (DanePolicja!M:M + DanePolicja!N:N), 0) -> 0.025974026
D31: TAK | E31: 293.41509 | F31: 50.839623
D32: Suma końcowa | E32: 262.14169 | F32: 57.340599
H33: Wyeliminowani nietrzeźwi na 1 wypadek
H34: =IFERROR(DanePolicja!K:K / DanePolicja!L:L, 0) -> 4.0655738
B35: Dni bez ofiar śmiertelnych (%)
B36: =COUNTIF(Tabela1[Zabici w wypadkach], 0) / COUNT(Tabela1[Zabici w wypadkach]) -> 0.019073569
F37: Typ zatrzymania | G37: Liczba | J37: Czy weekend? | K37: Średnia nietrzeźwych
B38: Ranni na wypadek | F38: Na gorącym uczynku | G38: =SUM(Tabela1[Zatrzymani na gorącym uczynku]) -> 201081 | J38: Weekend | K38: =GETPIVOTDATA("Średnia z Kierujący po spożyciu alkoholu",$D$29,"Czy weekend","TAK") -> 293.41509
B39: =GETPIVOTDATA("Suma z Ranni w wypadkach",$A$3)/GETPIVOTDATA("Suma z Wypadki drogowe",$A$3) -> 1.1578597 | F39: Poszukiwani | G39: =SUM(Tabela1[Zatrzymani poszukiwani]) -> 134175 | J39: Dni robocze | K39: =GETPIVOTDATA("Średnia z Kierujący po spożyciu alkoholu",$D$29,"Czy weekend","NIE") -> 249.44061
C47: Liczba wszystkich interwencji w ciągu roku
C49: =GETPIVOTDATA("Suma z Interwencje",$A$3) -> 5744661

Sheet Statystyka opisowa
B2: Miara / Zmienna | C2: Interwencje | D2: Zatrzymani na goracym uczynku | E2: Zatrzymani poszukiwani | F2: Kierujący po spożyciu alkoholu | G2: Wypadki drogowe | H2: Zabici w wypadkach | I2: Ranni w wypadkach
B3: Średnia | C3: =AVERAGE(DanePolicja!H:H) -> 15653.027 | D3: =AVERAGE(DanePolicja!I:I) -> 547.90463 | E3: =AVERAGE(DanePolicja!J:J) -> 365.59946 | F3: =AVERAGE(DanePolicja!K:K) -> 262.14169 | G3: =AVERAGE(DanePolicja!L:L) -> 57.340599 | H3: =AVERAGE(DanePolicja!M:M) -> 3.9155313 | I3: =AVERAGE(DanePolicja!N:N) -> 66.392371
B4: Mediana | C4: =MEDIAN(DanePolicja!H:H) -> 15716 | D4: =MEDIAN(DanePolicja!I:I) -> 548 | E4: =MEDIAN(DanePolicja!J:J) -> 383 | F4: =MEDIAN(DanePolicja!K:K) -> 249 | G4: =MEDIAN(DanePolicja!L:L) -> 57 | H4: =MEDIAN(DanePolicja!M:M) -> 4 | I4: =MEDIAN(DanePolicja!N:N) -> 66
B5: Suma | C5: =SUM(DanePolicja!H:H) -> 5744661 | D5: =SUM(DanePolicja!I:I) -> 201081 | E5: =SUM(DanePolicja!J:J) -> 134175 | F5: =SUM(DanePolicja!K:K) -> 96206 | G5: =SUM(DanePolicja!L:L) -> 21044 | H5: =SUM(DanePolicja!M:M) -> 1437 | I5: =SUM(DanePolicja!N:N) -> 24366
B6: Minimum | C6: =MIN(DanePolicja!H:H) -> 9777 | D6: =MIN(DanePolicja!I:I) -> 332 | E6: =MIN(DanePolicja!J:J) -> 162 | F6: =MIN(DanePolicja!K:K) -> 122 | G6: =MIN(DanePolicja!L:L) -> 16 | H6: =MIN(DanePolicja!M:M) -> 0 | I6: =MIN(DanePolicja!N:N) -> 15
B7: Maksimum | C7: =MAX(DanePolicja!H:H) -> 21130 | D7: =MAX(DanePolicja!I:I) -> 816 | E7: =MAX(DanePolicja!J:J) -> 1042 | F7: =MAX(DanePolicja!K:K) -> 675 | G7: =MAX(DanePolicja!L:L) -> 111 | H7: =MAX(DanePolicja!M:M) -> 21 | I7: =MAX(DanePolicja!N:N) -> 121
B8: Odchylenie stand | C8: =_xlfn.STDEV.S(DanePolicja!H:H) -> 1612.8691 | D8: =_xlfn.STDEV.S(DanePolicja!I:I) -> 69.519932 | E8: =_xlfn.STDEV.S(DanePolicja!J:J) -> 123.61276 | F8: =_xlfn.STDEV.S(DanePolicja!K:K) -> 77.566623 | G8: =_xlfn.STDEV.S(DanePolicja!L:L) -> 17.060037 | H8: =_xlfn.STDEV.S(DanePolicja!M:M) -> 2.4114829 | I8: =_xlfn.STDEV.S(DanePolicja!N:N) -> 19.526604
C10: Zestawienie statystyk opisowych obrazuje wysoką intensywność działań policyjnych, z dominacją zatrzymań na gorącym uczynku (średnio 548 dziennie) nad zatrzymaniami poszukiwanych (366). Uwagę zwraca wysoka amplituda w kategorii nietrzeźwych kierowców (Max: 675 vs Średnia: 262), sugerująca występowanie okresowych skoków zagrożenia. Dane potwierdzają też smutną statystykę wypadkową – każdego dnia rannych zostaje średnio 66 osób.

Sheet DanePolicja
A1: Data | B1: Miesiąc | C1: Dzien tygodnia | D1: Nr tygodnia | E1: Czy weekend | F1: Śmiertelnosc | G1: Zatrzymani na 1k interwencji | H1: Interwencje | I1: Zatrzymani na gorącym uczynku | J1: Zatrzymani poszukiwani | K1: Kierujący po spożyciu alkoholu | L1: Wypadki drogowe | M1: Zabici w wypadkach | N1: Ranni w wypadkach
A2: 45999 | B2: =TEXT(Tabela1[[#This Row],[Data]],"mmmm") -> grudzień | C2: =TEXT(Tabela1[[#This Row],[Data]],"dddd") -> poniedziałek | D2: =WEEKNUM(Tabela1[[#This Row],[Data]],2) -> 50 | E2: =IF(WEEKDAY(Tabela1[[#This Row],[Data]],2)>5,"TAK","NIE") -> NIE | F2: =IF(Tabela1[[#This Row],[Wypadki drogowe]]=0,0,Tabela1[[#This Row],[Zabici w wypadkach]]/Tabela1[[#This Row],[Wypadki drogowe]]) -> 0.12962963 | G2: =(Tabela1[[#This Row],[Zatrzymani na gorącym uczynku]]/Tabela1[[#This Row],[Interwencje]])*1000 -> 31.659994 | H2: 16235 | I2: 514 | J2: 380 | K2: 277 | L2: 54 | M2: 7 | N2: 57
A3: 45998 | B3: =TEXT(Tabela1[[#This Row],[Data]],"mmmm") -> grudzień | C3: =TEXT(Tabela1[[#This Row],[Data]],"dddd") -> niedziela | D3: =WEEKNUM(Tabela1[[#This Row],[Data]],2) -> 49 | E3: =IF(WEEKDAY(Tabela1[[#This Row],[Data]],2)>5,"TAK","NIE") -> TAK | F3: =IF(Tabela1[[#This Row],[Wypadki drogowe]]=0,0,Tabela1[[#This Row],[Zabici w wypadkach]]/Tabela1[[#This Row],[Wypadki drogowe]]) -> 0.037037037 | G3: =(Tabela1[[#This Row],[Zatrzymani na gorącym uczynku]]/Tabela1[[#This Row],[Interwencje]])*1000 -> 35.918538 | H3: 14338 | I3: 515 | J3: 231 | K3: 222 | L3: 27 | M3: 1 | N3: 37
A4: 45997 | B4: =TEXT(Tabela1[[#This Row],[Data]],"mmmm") -> grudzień | C4: =TEXT(Tabela1[[#This Row],[Data]],"dddd") -> sobota | D4: =WEEKNUM(Tabela1[[#This Row],[Data]],2) -> 49 | E4: =IF(WEEKDAY(Tabela1[[#This Row],[Data]],2)>5,"TAK","NIE") -> TAK | F4: =IF(Tabela1[[#This Row],[Wypadki drogowe]]=0,0,Tabela1[[#This Row],[Zabici w wypadkach]]/Tabela1[[#This Row],[Wypadki drogowe]]) -> 0.10714286 | G4: =(Tabela1[[#This Row],[Zatrzymani na gorącym uczynku]]/Tabela1[[#This Row],[Interwencje]])*1000 -> 30.783973 | H4: 16697 | I4: 514 | J4: 251 | K4: 246 | L4: 56 | M4: 6 | N4: 58
A5: 45996 | B5: =TEXT(Tabela1[[#This Row],[Data]],"mmmm") -> grudzień | C5: =TEXT(Tabela1[[#This Row],[Data]],"dddd") -> piątek | D5: =WEEKNUM(Tabela1[[#This Row],[Data]],2) -> 49 | E5: =IF(WEEKDAY(Tabela1[[#This Row],[Data]],2)>5,"TAK","NIE") -> NIE | F5: =IF(Tabela1[[#This Row],[Wypadki drogowe]]=0,0,Tabela1[[#This Row],[Zabici w wypadkach]]/Tabela1[[#This Row],[Wypadki drogowe]]) -> 0.0375 | G5: =(Tabela1[[#This Row],[Zatrzymani na gorącym uczynku]]/Tabela1[[#This Row],[Interwencje]])*1000 -> 26.219582 | H5: 17506 | I5: 459 | J5: 383 | K5: 189 | L5: 80 | M5: 3 | N5: 86
A6: 45995 | B6: =TEXT(Tabela1[[#This Row],[Data]],"mmmm") -> grudzień | C6: =TEXT(Tabela1[[#This Row],[Data]],"dddd") -> czwartek | D6: =WEEKNUM(Tabela1[[#This Row],[Data]],2) -> 49 | E6: =IF(WEEKDAY(Tabela1[[#This Row],[Data]],2)>5,"TAK","NIE") -> NIE | F6: =IF(Tabela1[[#This Row],[Wypadki drogowe]]=0,0,Tabela1[[#This Row],[Zabici w wypadkach]]/Tabela1[[#This Row],[Wypadki drogowe]]) -> 0.074074074 | G6: =(Tabela1[[#This Row],[Zatrzymani na gorącym uczynku]]/Tabela1[[#This Row],[Interwencje]])*1000 -> 30.448515 | H6: 15830 | I6: 482 | J6: 391 | K6: 184 | L6: 54 | M6: 4 | N6: 65
A7: 45994 | B7: =TEXT(Tabela1[[#This Row],[Data]],"mmmm") -> grudzień | C7: =TEXT(Tabela1[[#This Row],[Data]],"dddd") -> środa | D7: =WEEKNUM(Tabela1[[#This Row],[Data]],2) -> 49 | E7: =IF(WEEKDAY(Tabela1[[#This Row],[Data]],2)>5,"TAK","NIE") -> NIE | F7: =IF(Tabela1[[#This Row],[Wypadki drogowe]]=0,0,Tabela1[[#This Row],[Zabici w wypadkach]]/Tabela1[[#This Row],[Wypadki drogowe]]) -> 0.039215686 | G7: =(Tabela1[[#This Row],[Zatrzymani na gorącym uczynku]]/Tabela1[[#This Row],[Interwencje]])*1000 -> 27.169763 | H7: 15716 | I7: 427 | J7: 456 | K7: 141 | L7: 51 | M7: 2 | N7: 58
A8: 45993 | B8: =TEXT(Tabela1[[#This Row],[Data]],"mmmm") -> grudzień | C8: =TEXT(Tabela1[[#This Row],[Data]],"dddd") -> wtorek | D8: =WEEKNUM(Tabela1[[#This Row],[Data]],2) -> 49 | E8: =IF(WEEKDAY(Tabela1[[#This Row],[Data]],2)>5,"TAK","NIE") -> NIE | F8: =IF(Tabela1[[#This Row],[Wypadki drogowe]]=0,0,Tabela1[[#This Row],[Zabici w wypadkach]]/Tabela1[[#This Row],[Wypadki drogowe]]) -> 0.081081081 | G8: =(Tabela1[[#This Row],[Zatrzymani na gorącym uczynku]]/Tabela1[[#This Row],[Interwencje]])*1000 -> 28.905489 | H8: 15395 | I8: 445 | J8: 410 | K8: 131 | L8: 37 | M8: 3 | N8: 42
A9: 45992 | B9: =TEXT(Tabela1[[#This Row],[Data]],"mmmm") -> grudzień | C9: =TEXT(Tabela1[[#This Row],[Data]],"dddd") -> poniedziałek | D9: =WEEKNUM(Tabela1[[#This Row],[Data]],2) -> 49 | E9: =IF(WEEKDAY(Tabela1[[#This Row],[Data]],2)>5,"TAK","NIE") -> NIE | F9: =IF(Tabela1[[#This Row],[Wypadki drogowe]]=0,0,Tabela1[[#This Row],[Zabici w wypadkach]]/Tabela1[[#This Row],[Wypadki drogowe]]) -> 0.090909091 | G9: =(Tabela1[[#This Row],[Zatrzymani na gorącym uczynku]]/Tabela1[[#This Row],[Interwencje]])*1000 -> 44.419947 | H9: 15421 | I9: 685 | J9: 368 | K9: 434 | L9: 55 | M9: 5 | N9: 65
A10: 45991 | B10: =TEXT(Tabela1[[#This Row],[Data]],"mmmm") -> listopad | C10: =TEXT(Tabela1[[#This Row],[Data]],"dddd") -> niedziela | D10: =WEEKNUM(Tabela1[[#This Row],[Data]],2) -> 48 | E10: =IF(WEEKDAY(Tabela1[[#This Row],[Data]],2)>5,"TAK","NIE") -> TAK | F10: =IF(Tabela1[[#This Row],[Wypadki drogowe]]=0,0,Tabela1[[#This Row],[Zabici w wypadkach]]/Tabela1[[#This Row],[Wypadki drogowe]]) -> 0.032258065 | G10: =(Tabela1[[#This Row],[Zatrzymani na gorącym uczynku]]/Tabela1[[#This Row],[Interwencje]])*1000 -> 38.693723 | H10: 13749 | I10: 532 | J10: 195 | K10: 281 | L10: 31 | M10: 1 | N10: 43
A11: 45990 | B11: =TEXT(Tabela1[[#This Row],[Data]],"mmmm") -> listopad | C11: =TEXT(Tabela1[[#This Row],[Data]],"dddd") -> sobota | D11: =WEEKNUM(Tabela1[[#This Row],[Data]],2) -> 48 | E11: =IF(WEEKDAY(Tabela1[[#This Row],[Data]],2)>5,"TAK","NIE") -> TAK | F11: =IF(Tabela1[[#This Row],[Wypadki drogowe]]=0,0,Tabela1[[#This Row],[Zabici w wypadkach]]/Tabela1[[#This Row],[Wypadki drogowe]]) -> 0.11764706 | G11: =(Tabela1[[#This Row],[Zatrzymani na gorącym uczynku]]/Tabela1[[#This Row],[Interwencje]])*1000 -> 34.246575 | H11: 15768 | I11: 540 | J11: 226 | K11: 281 | L11: 34 | M11: 4 | N11: 44
A12: 45989 | B12: =TEXT(Tabela1[[#This Row],[Data]],"mmmm") -> listopad | C12: =TEXT(Tabela1[[#This Row],[Data]],"dddd") -> piątek | D12: =WEEKNUM(Tabela1[[#This Row],[Data]],2) -> 48 | E12: =IF(WEEKDAY(Tabela1[[#This Row],[Data]],2)>5,"TAK","NIE") -> NIE | F12: =IF(Tabela1[[#This Row],[Wypadki drogowe]]=0,0,Tabela1[[#This Row],[Zabici w wypadkach]]/Tabela1[[#This Row],[Wypadki drogowe]]) -> 0.041666667 | G12: =(Tabela1[[#This Row],[Zatrzymani na gorącym uczynku]]/Tabela1[[#This Row],[Interwencje]])*1000 -> 24.474049 | H12: 16589 | I12: 406 | J12: 336 | K12: 149 | L12: 48 | M12: 2 | N12: 53
A13: 45988 | B13: =TEXT(Tabela1[[#This Row],[Data]],"mmmm") -> listopad | C13: =TEXT(Tabela1[[#This Row],[Data]],"dddd") -> czwartek | D13: =WEEKNUM(Tabela1[[#This Row],[Data]],2) -> 48 | E13: =IF(WEEKDAY(Tabela1[[#This Row],[Data]],2)>5,"TAK","NIE") -> NIE | F13: =IF(Tabela1[[#This Row],[Wypadki drogowe]]=0,0,Tabela1[[#This Row],[Zabici w wypadkach]]/Tabela1[[#This Row],[Wypadki drogowe]]) -> 0.10416667 | G13: =(Tabela1[[#This Row],[Zatrzymani na gorącym uczynku]]/Tabela1[[#This Row],[Interwencje]])*1000 -> 25.664754 | H13: 16209 | I13: 416 | J13: 389 | K13: 138 | L13: 48 | M13: 5 | N13: 50
... A368: 45633 | B368: =TEXT(Tabela1[[#This Row],[Data]],"mmmm") -> grudzień | C368: =TEXT(Tabela1[[#This Row],[Data]],"dddd") -> sobota | D368: =WEEKNUM(Tabela1[[#This Row],[Data]],2) -> 49 | E368: =IF(WEEKDAY(Tabela1[[#This Row],[Data]],2)>5,"TAK","NIE") -> TAK | F368: =IF(Tabela1[[#This Row],[Wypadki drogowe]]=0,0,Tabela1[[#This Row],[Zabici w wypadkach]]/Tabela1[[#This Row],[Wypadki drogowe]]) -> 0.058823529 | G368: =(Tabela1[[#This Row],[Zatrzymani na gorącym uczynku]]/Tabela1[[#This Row],[Interwencje]])*1000 -> 33.297957 | H368: 15076 | I368: 502 | J368: 249 | K368: 212 | L368: 51 | M368: 3 | N368: 58
